GenericControllerType,345,ObjectType
GenericControllerType_SerialNumber,346,Variable
GenericControllerType_Manufacturer,347,Variable
GenericControllerType_SetPoint,348,Variable
GenericControllerType_SetPoint_Definition,349,Variable
GenericControllerType_SetPoint_ValuePrecision,350,Variable
GenericControllerType_SetPoint_EURange,351,Variable
GenericControllerType_SetPoint_InstrumentRange,352,Variable
GenericControllerType_SetPoint_EngineeringUnits,353,Variable
GenericControllerType_Measurement,354,Variable
GenericControllerType_Measurement_Definition,355,Variable
GenericControllerType_Measurement_ValuePrecision,356,Variable
GenericControllerType_Measurement_EURange,357,Variable
GenericControllerType_Measurement_InstrumentRange,358,Variable
GenericControllerType_Measurement_EngineeringUnits,359,Variable
FlowControllerType,360,ObjectType
FlowControllerType_SerialNumber,361,Variable
FlowControllerType_Manufacturer,362,Variable
FlowControllerType_SetPoint,363,Variable
FlowControllerType_SetPoint_Definition,364,Variable
FlowControllerType_SetPoint_ValuePrecision,365,Variable
FlowControllerType_SetPoint_EURange,366,Variable
FlowControllerType_SetPoint_InstrumentRange,367,Variable
FlowControllerType_SetPoint_EngineeringUnits,368,Variable
FlowControllerType_Measurement,369,Variable
FlowControllerType_Measurement_Definition,370,Variable
FlowControllerType_Measurement_ValuePrecision,371,Variable
FlowControllerType_Measurement_EURange,372,Variable
FlowControllerType_Measurement_InstrumentRange,373,Variable
FlowControllerType_Measurement_EngineeringUnits,374,Variable
LevelControllerType,375,ObjectType
LevelControllerType_SerialNumber,376,Variable
LevelControllerType_Manufacturer,377,Variable
LevelControllerType_SetPoint,378,Variable
LevelControllerType_SetPoint_Definition,379,Variable
LevelControllerType_SetPoint_ValuePrecision,380,Variable
LevelControllerType_SetPoint_EURange,381,Variable
LevelControllerType_SetPoint_InstrumentRange,382,Variable
LevelControllerType_SetPoint_EngineeringUnits,383,Variable
LevelControllerType_Measurement,384,Variable
LevelControllerType_Measurement_Definition,385,Variable
LevelControllerType_Measurement_ValuePrecision,386,Variable
LevelControllerType_Measurement_EURange,387,Variable
LevelControllerType_Measurement_InstrumentRange,388,Variable
LevelControllerType_Measurement_EngineeringUnits,389,Variable
BoilerType,390,ObjectType
BoilerType_WaterIn,391,Object
BoilerType_WaterIn_Flow,392,Object
BoilerType_WaterIn_Flow_SerialNumber,393,Variable
BoilerType_WaterIn_Flow_Manufacturer,394,Variable
BoilerType_WaterIn_Flow_SetPoint,395,Variable
BoilerType_WaterIn_Flow_SetPoint_Definition,396,Variable
BoilerType_WaterIn_Flow_SetPoint_ValuePrecision,397,Variable
BoilerType_WaterIn_Flow_SetPoint_EURange,398,Variable
BoilerType_WaterIn_Flow_SetPoint_InstrumentRange,399,Variable
BoilerType_WaterIn_Flow_SetPoint_EngineeringUnits,400,Variable
BoilerType_WaterIn_Flow_Measurement,401,Variable
BoilerType_WaterIn_Flow_Measurement_Definition,402,Variable
BoilerType_WaterIn_Flow_Measurement_ValuePrecision,403,Variable
BoilerType_WaterIn_Flow_Measurement_EURange,404,Variable
BoilerType_WaterIn_Flow_Measurement_InstrumentRange,405,Variable
BoilerType_WaterIn_Flow_Measurement_EngineeringUnits,406,Variable
BoilerType_SteamOut,407,Object
BoilerType_SteamOut_Flow,408,Object
BoilerType_SteamOut_Flow_SerialNumber,409,Variable
BoilerType_SteamOut_Flow_Manufacturer,410,Variable
BoilerType_SteamOut_Flow_SetPoint,411,Variable
BoilerType_SteamOut_Flow_SetPoint_Definition,412,Variable
BoilerType_SteamOut_Flow_SetPoint_ValuePrecision,413,Variable
BoilerType_SteamOut_Flow_SetPoint_EURange,414,Variable
BoilerType_SteamOut_Flow_SetPoint_InstrumentRange,415,Variable
BoilerType_SteamOut_Flow_SetPoint_EngineeringUnits,416,Variable
BoilerType_SteamOut_Flow_Measurement,417,Variable
BoilerType_SteamOut_Flow_Measurement_Definition,418,Variable
BoilerType_SteamOut_Flow_Measurement_ValuePrecision,419,Variable
BoilerType_SteamOut_Flow_Measurement_EURange,420,Variable
BoilerType_SteamOut_Flow_Measurement_InstrumentRange,421,Variable
BoilerType_SteamOut_Flow_Measurement_EngineeringUnits,422,Variable
BoilerType_Drum,423,Object
BoilerType_Drum_Level,424,Object
BoilerType_Drum_Level_SerialNumber,425,Variable
BoilerType_Drum_Level_Manufacturer,426,Variable
BoilerType_Drum_Level_SetPoint,427,Variable
BoilerType_Drum_Level_SetPoint_Definition,428,Variable
BoilerType_Drum_Level_SetPoint_ValuePrecision,429,Variable
BoilerType_Drum_Level_SetPoint_EURange,430,Variable
BoilerType_Drum_Level_SetPoint_InstrumentRange,431,Variable
BoilerType_Drum_Level_SetPoint_EngineeringUnits,432,Variable
BoilerType_Drum_Level_Measurement,433,Variable
BoilerType_Drum_Level_Measurement_Definition,434,Variable
BoilerType_Drum_Level_Measurement_ValuePrecision,435,Variable
BoilerType_Drum_Level_Measurement_EURange,436,Variable
BoilerType_Drum_Level_Measurement_InstrumentRange,437,Variable
BoilerType_Drum_Level_Measurement_EngineeringUnits,438,Variable
Engineering,439,View
Operations,441,View
Plant,442,Object
