FlowTo,1001,ReferenceType
HotFlowTo,1002,ReferenceType
SignalTo,1003,ReferenceType
GenericControllerType,1004,ObjectType
GenericControllerType_Measurement,1005,Variable
GenericControllerType_SetPoint,1006,Variable
GenericControllerType_ControlOut,1007,Variable
GenericSensorType,1008,ObjectType
GenericSensorType_Output,1009,Variable
GenericSensorType_Output_Definition,1010,Variable
GenericSensorType_Output_ValuePrecision,1011,Variable
GenericSensorType_Output_InstrumentRange,1012,Variable
GenericSensorType_Output_EURange,1013,Variable
GenericSensorType_Output_EngineeringUnits,1014,Variable
GenericActuatorType,1015,ObjectType
GenericActuatorType_Input,1016,Variable
GenericActuatorType_Input_Definition,1017,Variable
GenericActuatorType_Input_ValuePrecision,1018,Variable
GenericActuatorType_Input_InstrumentRange,1019,Variable
GenericActuatorType_Input_EURange,1020,Variable
GenericActuatorType_Input_EngineeringUnits,1021,Variable
CustomControllerType,1022,ObjectType
CustomControllerType_Input1,1023,Variable
CustomControllerType_Input2,1024,Variable
CustomControllerType_Input3,1025,Variable
CustomControllerType_ControlOut,1026,Variable
CustomControllerType_DescriptionX,1027,Variable
ValveType,1028,ObjectType
ValveType_Input,1029,Variable
ValveType_Input_Definition,1030,Variable
ValveType_Input_ValuePrecision,1031,Variable
ValveType_Input_InstrumentRange,1032,Variable
ValveType_Input_EURange,1033,Variable
ValveType_Input_EngineeringUnits,1034,Variable
LevelControllerType,1035,ObjectType
LevelControllerType_Measurement,1036,Variable
LevelControllerType_SetPoint,1037,Variable
LevelControllerType_ControlOut,1038,Variable
FlowControllerType,1039,ObjectType
FlowControllerType_Measurement,1040,Variable
FlowControllerType_SetPoint,1041,Variable
FlowControllerType_ControlOut,1042,Variable
LevelIndicatorType,1043,ObjectType
LevelIndicatorType_Output,1044,Variable
LevelIndicatorType_Output_Definition,1045,Variable
LevelIndicatorType_Output_ValuePrecision,1046,Variable
LevelIndicatorType_Output_InstrumentRange,1047,Variable
LevelIndicatorType_Output_EURange,1048,Variable
LevelIndicatorType_Output_EngineeringUnits,1049,Variable
FlowTransmitterType,1050,ObjectType
FlowTransmitterType_Output,1051,Variable
FlowTransmitterType_Output_Definition,1052,Variable
FlowTransmitterType_Output_ValuePrecision,1053,Variable
FlowTransmitterType_Output_InstrumentRange,1054,Variable
FlowTransmitterType_Output_EURange,1055,Variable
FlowTransmitterType_Output_EngineeringUnits,1056,Variable
BoilerStateMachineType,1057,ObjectType
BoilerStateMachineType_CurrentState,1058,Variable
BoilerStateMachineType_CurrentState_Id,1059,Variable
BoilerStateMachineType_CurrentState_Name,1060,Variable
BoilerStateMachineType_CurrentState_Number,1061,Variable
BoilerStateMachineType_CurrentState_EffectiveDisplayName,1062,Variable
BoilerStateMachineType_LastTransition,1063,Variable
BoilerStateMachineType_LastTransition_Id,1064,Variable
BoilerStateMachineType_LastTransition_Name,1065,Variable
BoilerStateMachineType_LastTransition_Number,1066,Variable
BoilerStateMachineType_LastTransition_TransitionTime,1067,Variable
BoilerStateMachineType_LastTransition_EffectiveTransitionTime,1068,Variable
BoilerStateMachineType_AvailableStates,1069,Variable
BoilerStateMachineType_AvailableTransitions,1070,Variable
BoilerStateMachineType_Creatable,1071,Variable
BoilerStateMachineType_Deletable,1072,Variable
BoilerStateMachineType_AutoDelete,1073,Variable
BoilerStateMachineType_RecycleCount,1074,Variable
BoilerStateMachineType_InstanceCount,1075,Variable
BoilerStateMachineType_MaxInstanceCount,1076,Variable
BoilerStateMachineType_MaxRecycleCount,1077,Variable
BoilerStateMachineType_ProgramDiagnostic,1078,Variable
BoilerStateMachineType_ProgramDiagnostic_CreateSessionId,1079,Variable
BoilerStateMachineType_ProgramDiagnostic_CreateClientName,1080,Variable
BoilerStateMachineType_ProgramDiagnostic_InvocationCreationTime,1081,Variable
BoilerStateMachineType_ProgramDiagnostic_LastTransitionTime,1082,Variable
BoilerStateMachineType_ProgramDiagnostic_LastMethodCall,1083,Variable
BoilerStateMachineType_ProgramDiagnostic_LastMethodSessionId,1084,Variable
BoilerStateMachineType_ProgramDiagnostic_LastMethodInputArguments,1085,Variable
BoilerStateMachineType_ProgramDiagnostic_LastMethodOutputArguments,1086,Variable
BoilerStateMachineType_ProgramDiagnostic_LastMethodInputValues,1087,Variable
BoilerStateMachineType_ProgramDiagnostic_LastMethodOutputValues,1088,Variable
BoilerStateMachineType_ProgramDiagnostic_LastMethodCallTime,1089,Variable
BoilerStateMachineType_ProgramDiagnostic_LastMethodReturnStatus,1090,Variable
BoilerStateMachineType_FinalResultData,1091,Object
BoilerStateMachineType_Halted,1092,Object
BoilerStateMachineType_Halted_StateNumber,1093,Variable
BoilerStateMachineType_Ready,1094,Object
BoilerStateMachineType_Ready_StateNumber,1095,Variable
BoilerStateMachineType_Running,1096,Object
BoilerStateMachineType_Running_StateNumber,1097,Variable
BoilerStateMachineType_Suspended,1098,Object
BoilerStateMachineType_Suspended_StateNumber,1099,Variable
BoilerStateMachineType_HaltedToReady,1100,Object
BoilerStateMachineType_HaltedToReady_TransitionNumber,1101,Variable
BoilerStateMachineType_ReadyToRunning,1102,Object
BoilerStateMachineType_ReadyToRunning_TransitionNumber,1103,Variable
BoilerStateMachineType_RunningToHalted,1104,Object
BoilerStateMachineType_RunningToHalted_TransitionNumber,1105,Variable
BoilerStateMachineType_RunningToReady,1106,Object
BoilerStateMachineType_RunningToReady_TransitionNumber,1107,Variable
BoilerStateMachineType_RunningToSuspended,1108,Object
BoilerStateMachineType_RunningToSuspended_TransitionNumber,1109,Variable
BoilerStateMachineType_SuspendedToRunning,1110,Object
BoilerStateMachineType_SuspendedToRunning_TransitionNumber,1111,Variable
BoilerStateMachineType_SuspendedToHalted,1112,Object
BoilerStateMachineType_SuspendedToHalted_TransitionNumber,1113,Variable
BoilerStateMachineType_SuspendedToReady,1114,Object
BoilerStateMachineType_SuspendedToReady_TransitionNumber,1115,Variable
BoilerStateMachineType_ReadyToHalted,1116,Object
BoilerStateMachineType_ReadyToHalted_TransitionNumber,1117,Variable
BoilerStateMachineType_Start,1118,Method
BoilerStateMachineType_Suspend,1119,Method
BoilerStateMachineType_Resume,1120,Method
BoilerStateMachineType_Halt,1121,Method
BoilerStateMachineType_Reset,1122,Method
BoilerStateMachineType_UpdateRate,1123,Variable
BoilerInputPipeType,1124,ObjectType
BoilerInputPipeType_FlowTransmitter1,1125,Object
BoilerInputPipeType_FlowTransmitter1_Output,1126,Variable
BoilerInputPipeType_FlowTransmitter1_Output_Definition,1127,Variable
BoilerInputPipeType_FlowTransmitter1_Output_ValuePrecision,1128,Variable
BoilerInputPipeType_FlowTransmitter1_Output_InstrumentRange,1129,Variable
BoilerInputPipeType_FlowTransmitter1_Output_EURange,1130,Variable
BoilerInputPipeType_FlowTransmitter1_Output_EngineeringUnits,1131,Variable
BoilerInputPipeType_Valve,1132,Object
BoilerInputPipeType_Valve_Input,1133,Variable
BoilerInputPipeType_Valve_Input_Definition,1134,Variable
BoilerInputPipeType_Valve_Input_ValuePrecision,1135,Variable
BoilerInputPipeType_Valve_Input_InstrumentRange,1136,Variable
BoilerInputPipeType_Valve_Input_EURange,1137,Variable
BoilerInputPipeType_Valve_Input_EngineeringUnits,1138,Variable
BoilerDrumType,1139,ObjectType
BoilerDrumType_LevelIndicator,1140,Object
BoilerDrumType_LevelIndicator_Output,1141,Variable
BoilerDrumType_LevelIndicator_Output_Definition,1142,Variable
BoilerDrumType_LevelIndicator_Output_ValuePrecision,1143,Variable
BoilerDrumType_LevelIndicator_Output_InstrumentRange,1144,Variable
BoilerDrumType_LevelIndicator_Output_EURange,1145,Variable
BoilerDrumType_LevelIndicator_Output_EngineeringUnits,1146,Variable
BoilerOutputPipeType,1147,ObjectType
BoilerOutputPipeType_FlowTransmitter2,1148,Object
BoilerOutputPipeType_FlowTransmitter2_Output,1149,Variable
BoilerOutputPipeType_FlowTransmitter2_Output_Definition,1150,Variable
BoilerOutputPipeType_FlowTransmitter2_Output_ValuePrecision,1151,Variable
BoilerOutputPipeType_FlowTransmitter2_Output_InstrumentRange,1152,Variable
BoilerOutputPipeType_FlowTransmitter2_Output_EURange,1153,Variable
BoilerOutputPipeType_FlowTransmitter2_Output_EngineeringUnits,1154,Variable
BoilerType,1155,ObjectType
BoilerType_InputPipe,1156,Object
BoilerType_InputPipe_FlowTransmitter1,1157,Object
BoilerType_InputPipe_FlowTransmitter1_Output,1158,Variable
BoilerType_InputPipe_FlowTransmitter1_Output_Definition,1159,Variable
BoilerType_InputPipe_FlowTransmitter1_Output_ValuePrecision,1160,Variable
BoilerType_InputPipe_FlowTransmitter1_Output_InstrumentRange,1161,Variable
BoilerType_InputPipe_FlowTransmitter1_Output_EURange,1162,Variable
BoilerType_InputPipe_FlowTransmitter1_Output_EngineeringUnits,1163,Variable
BoilerType_InputPipe_Valve,1164,Object
BoilerType_InputPipe_Valve_Input,1165,Variable
BoilerType_InputPipe_Valve_Input_Definition,1166,Variable
BoilerType_InputPipe_Valve_Input_ValuePrecision,1167,Variable
BoilerType_InputPipe_Valve_Input_InstrumentRange,1168,Variable
BoilerType_InputPipe_Valve_Input_EURange,1169,Variable
BoilerType_InputPipe_Valve_Input_EngineeringUnits,1170,Variable
BoilerType_Drum,1171,Object
BoilerType_Drum_LevelIndicator,1172,Object
BoilerType_Drum_LevelIndicator_Output,1173,Variable
BoilerType_Drum_LevelIndicator_Output_Definition,1174,Variable
BoilerType_Drum_LevelIndicator_Output_ValuePrecision,1175,Variable
BoilerType_Drum_LevelIndicator_Output_InstrumentRange,1176,Variable
BoilerType_Drum_LevelIndicator_Output_EURange,1177,Variable
BoilerType_Drum_LevelIndicator_Output_EngineeringUnits,1178,Variable
BoilerType_OutputPipe,1179,Object
BoilerType_OutputPipe_FlowTransmitter2,1180,Object
BoilerType_OutputPipe_FlowTransmitter2_Output,1181,Variable
BoilerType_OutputPipe_FlowTransmitter2_Output_Definition,1182,Variable
BoilerType_OutputPipe_FlowTransmitter2_Output_ValuePrecision,1183,Variable
BoilerType_OutputPipe_FlowTransmitter2_Output_InstrumentRange,1184,Variable
BoilerType_OutputPipe_FlowTransmitter2_Output_EURange,1185,Variable
BoilerType_OutputPipe_FlowTransmitter2_Output_EngineeringUnits,1186,Variable
BoilerType_FlowController,1187,Object
BoilerType_FlowController_Measurement,1188,Variable
BoilerType_FlowController_SetPoint,1189,Variable
BoilerType_FlowController_ControlOut,1190,Variable
BoilerType_LevelController,1191,Object
BoilerType_LevelController_Measurement,1192,Variable
BoilerType_LevelController_SetPoint,1193,Variable
BoilerType_LevelController_ControlOut,1194,Variable
BoilerType_CustomController,1195,Object
BoilerType_CustomController_Input1,1196,Variable
BoilerType_CustomController_Input2,1197,Variable
BoilerType_CustomController_Input3,1198,Variable
BoilerType_CustomController_ControlOut,1199,Variable
BoilerType_CustomController_DescriptionX,1200,Variable
BoilerType_Simulation,1201,Object
BoilerType_Simulation_CurrentState,1202,Variable
BoilerType_Simulation_CurrentState_Id,1203,Variable
BoilerType_Simulation_CurrentState_Name,1204,Variable
BoilerType_Simulation_CurrentState_Number,1205,Variable
BoilerType_Simulation_CurrentState_EffectiveDisplayName,1206,Variable
BoilerType_Simulation_LastTransition,1207,Variable
BoilerType_Simulation_LastTransition_Id,1208,Variable
BoilerType_Simulation_LastTransition_Name,1209,Variable
BoilerType_Simulation_LastTransition_Number,1210,Variable
BoilerType_Simulation_LastTransition_TransitionTime,1211,Variable
BoilerType_Simulation_LastTransition_EffectiveTransitionTime,1212,Variable
BoilerType_Simulation_AvailableStates,1213,Variable
BoilerType_Simulation_AvailableTransitions,1214,Variable
BoilerType_Simulation_Deletable,1215,Variable
BoilerType_Simulation_AutoDelete,1216,Variable
BoilerType_Simulation_RecycleCount,1217,Variable
BoilerType_Simulation_ProgramDiagnostic,1218,Variable
BoilerType_Simulation_ProgramDiagnostic_CreateSessionId,1219,Variable
BoilerType_Simulation_ProgramDiagnostic_CreateClientName,1220,Variable
BoilerType_Simulation_ProgramDiagnostic_InvocationCreationTime,1221,Variable
BoilerType_Simulation_ProgramDiagnostic_LastTransitionTime,1222,Variable
BoilerType_Simulation_ProgramDiagnostic_LastMethodCall,1223,Variable
BoilerType_Simulation_ProgramDiagnostic_LastMethodSessionId,1224,Variable
BoilerType_Simulation_ProgramDiagnostic_LastMethodInputArguments,1225,Variable
BoilerType_Simulation_ProgramDiagnostic_LastMethodOutputArguments,1226,Variable
BoilerType_Simulation_ProgramDiagnostic_LastMethodInputValues,1227,Variable
BoilerType_Simulation_ProgramDiagnostic_LastMethodOutputValues,1228,Variable
BoilerType_Simulation_ProgramDiagnostic_LastMethodCallTime,1229,Variable
BoilerType_Simulation_ProgramDiagnostic_LastMethodReturnStatus,1230,Variable
BoilerType_Simulation_FinalResultData,1231,Object
BoilerType_Simulation_UpdateRate,1232,Variable
BoilerType_Simulation_Start,1233,Method
BoilerType_Simulation_Suspend,1234,Method
BoilerType_Simulation_Resume,1235,Method
BoilerType_Simulation_Halt,1236,Method
BoilerType_Simulation_Reset,1237,Method
Boilers,1238,Object
Boilers_Boiler1,1239,Object
Boilers_Boiler1_InputPipe,1240,Object
Boilers_Boiler1_InputPipe_FlowTransmitter1,1241,Object
Boilers_Boiler1_InputPipe_FlowTransmitter1_Output,1242,Variable
Boilers_Boiler1_InputPipe_FlowTransmitter1_Output_Definition,1243,Variable
Boilers_Boiler1_InputPipe_FlowTransmitter1_Output_ValuePrecision,1244,Variable
Boilers_Boiler1_InputPipe_FlowTransmitter1_Output_InstrumentRange,1245,Variable
Boilers_Boiler1_InputPipe_FlowTransmitter1_Output_EURange,1246,Variable
Boilers_Boiler1_InputPipe_FlowTransmitter1_Output_EngineeringUnits,1247,Variable
Boilers_Boiler1_InputPipe_Valve,1248,Object
Boilers_Boiler1_InputPipe_Valve_Input,1249,Variable
Boilers_Boiler1_InputPipe_Valve_Input_Definition,1250,Variable
Boilers_Boiler1_InputPipe_Valve_Input_ValuePrecision,1251,Variable
Boilers_Boiler1_InputPipe_Valve_Input_InstrumentRange,1252,Variable
Boilers_Boiler1_InputPipe_Valve_Input_EURange,1253,Variable
Boilers_Boiler1_InputPipe_Valve_Input_EngineeringUnits,1254,Variable
Boilers_Boiler1_Drum,1255,Object
Boilers_Boiler1_Drum_LevelIndicator,1256,Object
Boilers_Boiler1_Drum_LevelIndicator_Output,1257,Variable
Boilers_Boiler1_Drum_LevelIndicator_Output_Definition,1258,Variable
Boilers_Boiler1_Drum_LevelIndicator_Output_ValuePrecision,1259,Variable
Boilers_Boiler1_Drum_LevelIndicator_Output_InstrumentRange,1260,Variable
Boilers_Boiler1_Drum_LevelIndicator_Output_EURange,1261,Variable
Boilers_Boiler1_Drum_LevelIndicator_Output_EngineeringUnits,1262,Variable
Boilers_Boiler1_OutputPipe,1263,Object
Boilers_Boiler1_OutputPipe_FlowTransmitter2,1264,Object
Boilers_Boiler1_OutputPipe_FlowTransmitter2_Output,1265,Variable
Boilers_Boiler1_OutputPipe_FlowTransmitter2_Output_Definition,1266,Variable
Boilers_Boiler1_OutputPipe_FlowTransmitter2_Output_ValuePrecision,1267,Variable
Boilers_Boiler1_OutputPipe_FlowTransmitter2_Output_InstrumentRange,1268,Variable
Boilers_Boiler1_OutputPipe_FlowTransmitter2_Output_EURange,1269,Variable
Boilers_Boiler1_OutputPipe_FlowTransmitter2_Output_EngineeringUnits,1270,Variable
Boilers_Boiler1_FlowController,1271,Object
Boilers_Boiler1_FlowController_Measurement,1272,Variable
Boilers_Boiler1_FlowController_SetPoint,1273,Variable
Boilers_Boiler1_FlowController_ControlOut,1274,Variable
Boilers_Boiler1_LevelController,1275,Object
Boilers_Boiler1_LevelController_Measurement,1276,Variable
Boilers_Boiler1_LevelController_SetPoint,1277,Variable
Boilers_Boiler1_LevelController_ControlOut,1278,Variable
Boilers_Boiler1_CustomController,1279,Object
Boilers_Boiler1_CustomController_Input1,1280,Variable
Boilers_Boiler1_CustomController_Input2,1281,Variable
Boilers_Boiler1_CustomController_Input3,1282,Variable
Boilers_Boiler1_CustomController_ControlOut,1283,Variable
Boilers_Boiler1_CustomController_DescriptionX,1284,Variable
Boilers_Boiler1_Simulation,1285,Object
Boilers_Boiler1_Simulation_CurrentState,1286,Variable
Boilers_Boiler1_Simulation_CurrentState_Id,1287,Variable
Boilers_Boiler1_Simulation_CurrentState_Name,1288,Variable
Boilers_Boiler1_Simulation_CurrentState_Number,1289,Variable
Boilers_Boiler1_Simulation_CurrentState_EffectiveDisplayName,1290,Variable
Boilers_Boiler1_Simulation_LastTransition,1291,Variable
Boilers_Boiler1_Simulation_LastTransition_Id,1292,Variable
Boilers_Boiler1_Simulation_LastTransition_Name,1293,Variable
Boilers_Boiler1_Simulation_LastTransition_Number,1294,Variable
Boilers_Boiler1_Simulation_LastTransition_TransitionTime,1295,Variable
Boilers_Boiler1_Simulation_LastTransition_EffectiveTransitionTime,1296,Variable
Boilers_Boiler1_Simulation_AvailableStates,1297,Variable
Boilers_Boiler1_Simulation_AvailableTransitions,1298,Variable
Boilers_Boiler1_Simulation_Deletable,1299,Variable
Boilers_Boiler1_Simulation_AutoDelete,1300,Variable
Boilers_Boiler1_Simulation_RecycleCount,1301,Variable
Boilers_Boiler1_Simulation_ProgramDiagnostic,1302,Variable
Boilers_Boiler1_Simulation_ProgramDiagnostic_CreateSessionId,1303,Variable
Boilers_Boiler1_Simulation_ProgramDiagnostic_CreateClientName,1304,Variable
Boilers_Boiler1_Simulation_ProgramDiagnostic_InvocationCreationTime,1305,Variable
Boilers_Boiler1_Simulation_ProgramDiagnostic_LastTransitionTime,1306,Variable
Boilers_Boiler1_Simulation_ProgramDiagnostic_LastMethodCall,1307,Variable
Boilers_Boiler1_Simulation_ProgramDiagnostic_LastMethodSessionId,1308,Variable
Boilers_Boiler1_Simulation_ProgramDiagnostic_LastMethodInputArguments,1309,Variable
Boilers_Boiler1_Simulation_ProgramDiagnostic_LastMethodOutputArguments,1310,Variable
Boilers_Boiler1_Simulation_ProgramDiagnostic_LastMethodInputValues,1311,Variable
Boilers_Boiler1_Simulation_ProgramDiagnostic_LastMethodOutputValues,1312,Variable
Boilers_Boiler1_Simulation_ProgramDiagnostic_LastMethodCallTime,1313,Variable
Boilers_Boiler1_Simulation_ProgramDiagnostic_LastMethodReturnStatus,1314,Variable
Boilers_Boiler1_Simulation_FinalResultData,1315,Object
Boilers_Boiler1_Simulation_UpdateRate,1316,Variable
Boilers_Boiler1_Simulation_Start,1317,Method
Boilers_Boiler1_Simulation_Suspend,1318,Method
Boilers_Boiler1_Simulation_Resume,1319,Method
Boilers_Boiler1_Simulation_Halt,1320,Method
Boilers_Boiler1_Simulation_Reset,1321,Method
